&beta;2-Glycoprotein I (&beta;2-GPI) plasma levels			
5-HTT brain serotonin transporter levels	脳内セロトニントランスポーター(5-HTT)密度	Trait_med	NA
AIDS	AIDS	Disease	NA
AIDS progression	AIDS進行	Disease	NA
Abdominal aortic aneurysm	腹部大動脈瘤	Disease	NA
Acenocoumarol maintenance dosage	アセノクマロール維持量	Trait_med	NA
Acne (severe teenage)			
Acne (severe)			
Acoustic startle blink response			
Activated partial thromboplastin time	活性化部分トロンボプラスチン時間	Trait_med	NA
Acute graft versus host disease	急性移植片対宿主病(GVHD)	Disease	NA
Acute lung injury	急性肺障害	Disease	NA
Acute lymphoblastic leukemia (B-cell precursor)			
Acute lymphoblastic leukemia (adolescents and young adults)			
Acute lymphoblastic leukemia (childhood)	急性リンパ芽球性白血病(小児期)	Disease	NA
Acute myeloid leukemia			
Acute urticaria and angioedema (non-steroidal anti-inflammatory drug-induced)			
Addiction	中毒	NA	NA
Adiponectin levels	アディポネクチンレベル	Trait_med	NA
Adiposity	肥満	Disease	NA
Adolescent idiopathic scoliosis			
Adolescent idiopathic scoliosis (severe)			
Adverse response to aromatase inhibitors	アロマターゼ阻害剤への有害反応	Trait_med	NA
Adverse response to carbamapezine	カルバマゼピンへの有害反応	Trait_med	NA
Adverse response to chemotherapy (neutropenia/leucopenia) (5-fluorouracil)			
Adverse response to chemotherapy (neutropenia/leucopenia) (all anthracycline-based drugs)			
Adverse response to chemotherapy (neutropenia/leucopenia) (all antimetabolite drugs)			
Adverse response to chemotherapy (neutropenia/leucopenia) (all antimicrotubule drugs)			
Adverse response to chemotherapy (neutropenia/leucopenia) (all platinum-based drugs)			
Adverse response to chemotherapy (neutropenia/leucopenia) (all topoisomerase inhibitors)			
Adverse response to chemotherapy (neutropenia/leucopenia) (camptothecin)			
Adverse response to chemotherapy (neutropenia/leucopenia) (carboplatin)			
Adverse response to chemotherapy (neutropenia/leucopenia) (cisplatin)			
Adverse response to chemotherapy (neutropenia/leucopenia) (cyclophosphamide)			
Adverse response to chemotherapy (neutropenia/leucopenia) (docetaxel)			
Adverse response to chemotherapy (neutropenia/leucopenia) (doxorubicin)			
Adverse response to chemotherapy (neutropenia/leucopenia) (epirubicin)			
Adverse response to chemotherapy (neutropenia/leucopenia) (etoposide)			
Adverse response to chemotherapy (neutropenia/leucopenia) (gemcitabine)			
Adverse response to chemotherapy (neutropenia/leucopenia) (paclitaxel + carboplatin)			
Adverse response to chemotherapy (neutropenia/leucopenia) (paclitaxel)			
Adverse response to chemotherapy in breast cancer (alopecia)			
Adverse response to chemotherapy in breast cancer (alopecia) (anti-microtubule)			
Adverse response to chemotherapy in breast cancer (alopecia) (cyclophosphamide+doxorubicin+/-5FU)			
Adverse response to chemotherapy in breast cancer (alopecia) (cyclophosphamide+epirubicin+/-5FU)			
Adverse response to chemotherapy in breast cancer (alopecia) (docetaxel)			
Adverse response to chemotherapy in breast cancer (alopecia) (paclitaxel)			
Adverse response to lamotrigine and phenytoin	ラモトリジンとフェニトインへの有害反応	Trait_med	NA
Adverse response to radiation therapy			
Age at smoking initiation in chronic obstructive pulmonary disease			
Age of smoking initiation			
Age-related cataracts			
Age-related cataracts (age at onset)			
Age-related hearing impairment			
Age-related hearing impairment (interaction)			
Age-related macular degeneration	加齢黄斑変性症	Disease	NA
Age-related macular degeneration (CNV vs. GA)	加齢黄斑変性症 (CNV vs. GA)	Disease	NA
Age-related macular degeneration (CNV)	加齢黄斑変性症 (CNV)	Disease	NA
Age-related macular degeneration (GA)	加齢黄斑変性症 (GA)	Disease	NA
Age-related macular degeneration (extreme sampling)			
Age-related macular degeneration (smoking status interaction)			
Age-related macular degeneration (wet)	加齢黄斑変性症 (wet)	Disease	NA
Age-related nuclear cataracts			
Aggressive periodontitis (sex interaction)			
Aging	加齢	Trait_med	NA
Aging (facial)			
Aging (time to death)	加齢 (time to death)	Trait_med	NA
Aging (time to event)	加齢 (time to event)	Trait_med	NA
Aging traits	老化形質	Trait_med	NA
Airflow obstruction	気流閉塞	Disease	NA
Airway hyperresponsiveness			
Airway responsiveness in chronic obstructive pulmonary disease			
Alcohol and nictotine co-dependence	アルコールとニコチンの共依存	Trait_med	NA
Alcohol consumption	アルコール消費量	Trait_easy	NA
Alcohol consumption (maxi-drinks)			
Alcohol consumption (transferrin glycosylation)			
Alcohol dependence	アルコール依存症	Disease	NA
Alcohol dependence (age at onset)			
Alcohol withdrawal symptoms	アルコール禁断症状	Disease	NA
Alcoholism (12-month weekly alcohol consumption)	アルコール依存症 (12-month weekly alcohol consumption)	Disease	NA
Alcoholism (alcohol dependence factor score)	アルコール依存症 (alcohol dependence factor score)	Disease	NA
Alcoholism (alcohol use disorder factor score)	アルコール依存症 (alcohol use disorder factor score)	Disease	NA
Alcoholism (heaviness of drinking)	アルコール依存症 (heaviness of drinking)	Disease	NA
Allergic dermatitis (nickel)			
Allergic rhinitis	慢性アレルギー性鼻炎	Disease	NA
Allergic rhinitis in asthma			
Allergic rhinitis in non-asthmatics			
Allergic sensitization			
Alloimmunization response to red blood cell transfusion in sickle cell anemia			
Alopecia areata	円形脱毛症	Trait_easy	NA
Alzheimer's disease	アルツハイマー病	Disease	NA
Alzheimer's disease (age of onset)	アルツハイマー病 (発症年齢)	Disease	NA
Alzheimer's disease (cognitive decline)			
Alzheimer's disease (interaction)			
Alzheimer's disease (late onset)	アルツハイマー病 (遅発型)	Disease	NA
Alzheimer's disease (neuritic plaque pathology)			
Alzheimer's disease biomarkers	アルツハイマー病バイオマーカー	Trait_med	NA
Amygdala reactivity	扁桃体の反応性	Trait_med	NA
Amyloid A serum levels			
Amyotrophic lateral sclerosis	筋萎縮性側索硬化症	Disease	NA
Amyotrophic lateral sclerosis (age of onset)	筋萎縮性側索硬化症 (発症年齢)	Disease	NA
Amyotrophic lateral sclerosis (interaction)	筋萎縮性側索硬化症 (interaction)	Disease	NA
Amyotrophic lateral sclerosis (sporadic)			
Amyotrophic lateral sclerosis or frontotemporal dementia			
Androgen levels	アンドロゲン濃度	Trait_med	NA
Anger			
Angioedema in response to angiotensin-converting enzyme inhibitor			
Angiotensin-converting enzyme activity	アンジオテンシン変換酵素活性	Trait_med	NA
Ankle-brachial index			
Ankylosing spondylitis	強直性脊椎炎	Disease	NA
Anorexia nervosa	拒食症	Disease	NA
Anterior chamber depth			
Anthropometric traits	人体計測的な形質	Trait_easy	NA
Anthropometric traits in newborns			
Anti-citrullinated peptide antibody			
Anti-cyclic Citrullinated Peptide Antibody	抗環状シトルリン化ペプチド抗体	Trait_med	NA
Anti-saccade response			
Antibody status in Tripanosoma cruzi seropositivity			
Anticoagulant levels	抗凝固薬レベル	Trait_med	NA
Antineutrophil cytoplasmic antibody-associated vasculitis			
Antinuclear antibody levels			
Antipsychotic drug-induced weight gain	抗精神病薬誘発性の体重増加	Trait_med	NA
Antipsychotic-induced QTc interval prolongation	抗精神病薬誘発性のQT間隔延長	Trait_med	NA
Anxiety			
Anxiety and major depressive disorder			
Anxiety disorder			
Anxiety in major depressive disorder			
Aortic root size	大動脈根の大きさ	Trait_med	NA
Aortic stiffness	大動脈の剛性	Trait_med	NA
Aortic-valve calcification			
Apolipoprotein Levels			
Arsenic metabolism			
Arterial stiffness	動脈壁の剛性	Trait_med	NA
Arthritis (juvenile idiopathic)	関節炎 (若年性特発性)	Disease	NA
Asparaginase hypersensitivity in acute lymphoblastic leukemia			
Aspartate aminotransferase			
Asperger disorder	アスペルガー障害	Disease	NA
Aspirin exacerbated respiratory disease in asthmatics			
Aspirin hydrolysis (plasma)			
Aspirin intolerance in asthmatics			
Asthma	喘息	Disease	NA
Asthma (bronchodilator response)	喘息 (bronchodilator response)	Disease	NA
Asthma (childhood onset)	喘息 (childhood onset)	Disease	NA
Asthma (corticosteroid response)			
Asthma (sex interaction)			
Asthma (toluene diisocyanate-induced)	喘息 (toluene diisocyanate-induced)	Disease	NA
Asthma and hay fever			
Asthma or atopy (interaction)			
Asthma or chronic obstructive pulmonary disease			
Asthma treatment response	喘息 treatment response	Disease	NA
Asymmetrical dimethylarginine levels			
Atopic dermatitis	アトピー性皮膚炎	Disease	NA
Atopy	アトピー	Disease	NA
Atrial fibrillation	心房細動	Trait_med	NA
Atrial fibrillation/atrial flutter	心房細動, 心房粗動	Trait_med	NA
Atrioventricular conduction	房室伝導	Trait_med	NA
Attention deficit hyperactivity disorder	注意欠陥多動性障害(ADHD)	Disease	NA
Attention deficit hyperactivity disorder (combined symptoms)			
Attention deficit hyperactivity disorder (hyperactivity-impulsivity symptoms)			
Attention deficit hyperactivity disorder (inattention symptoms)			
Attention deficit hyperactivity disorder (time to onset)	注意欠陥多動性障害(ADHD) (発症年齢)	Disease	NA
Attention deficit hyperactivity disorder and conduct disorder	注意欠陥多動性障害(ADHD)と行為障害	Disease	NA
Attention deficit hyperactivity disorder motor coordination	注意欠陥多動性障害(ADHD)運動協調性	Disease	NA
Attention deficit hyperactivity disorder symptoms (interaction)	注意欠陥多動性障害(ADHD)の症状 (interaction)	Disease	NA
Autism	自閉症	Disease	NA
Autism spectrum disorder, attention deficit-hyperactivity disorder, bipolar disorder, major depressive disorder, and schizophrenia (combined)			
Autism spectrum disorder-related traits			
Autism spectrum disorders (language delay)			
Autoimmune hepatitis type-1			
Axial length			
B cell non-Hodgkin lymphoma			
Barrett's esophagus	バレット食道	Disease	NA
Basal cell carcinoma			
Behavioural disinhibition (generation interaction)			
Behcet's disease	ベーチェット病	Disease	NA
Beta thalassemia/hemoglobin E disease	ベータサラセミア, ヘモグロビンＥ症	Disease	NA
Beta-2 microglubulin plasma levels			
Beta-trace protein levels			
Biliary atresia	胆道閉鎖症	Disease	NA
Bilirubin levels	ビリルビン濃度	Trait_med	NA
Bilirubin levels in extreme obesity			
Binge eating behaviour and bipolar disorder			
Binge eating behaviour in bipolar disorder			
Biochemical measures	生化学的測定	Trait_med	NA
Biomedical quantitative traits	生化学的量的形質	Trait_med	NA
Bipolar I disorder			
Bipolar disorder	双極性障害	Disease	NA
Bipolar disorder (Negative mood delusions)	双極性障害 (Negative mood delusions)	Disease	NA
Bipolar disorder (age of onset and psychotic symptoms)			
Bipolar disorder (body mass index interaction)			
Bipolar disorder (early onset)			
Bipolar disorder (mania)			
Bipolar disorder and major depressive disorder (combined)	双極性障害と大うつ病性障害 (combined)	Disease	NA
Bipolar disorder and schizophrenia	双極性障害と精神分裂病	Disease	NA
Bipolar disorder with mood-incongruent psychosis			
Birdshot chorioretinopathy			
Birth length			
Birth weight	出生時体重	Trait_easy	NA
Bitter taste perception			
Bitter taste response	苦味への応答	Trait_easy	NA
Black vs. blond hair color	黒髪vs.金髪	Trait_easy	NA
Black vs. red hair color	黒髪vs.赤毛	Trait_easy	NA
Bladder cancer	膀胱癌	Disease	NA
Bladder cancer (smoking interaction)			
Bleomycin sensitivity	ブレオマイシン感受性	Trait_med	NA
Blond vs. brown hair color	金髪vs.茶髪	Trait_easy	NA
Blood and toenail selenium levels			
Blood metabolite levels			
Blood metabolite ratios			
Blood pressure	血圧	Trait_easy	NA
Blood pressure (age interaction)			
Blood pressure (anthropometric measures interaction)			
Blood pressure (response to antihypertensive medication)			
Blood pressure (smoking interaction)			
Blood pressure measurement (cold pressor test)			
Blood pressure measurement (high sodium and potassium intervention)			
Blood pressure measurement (high sodium intervention)			
Blood pressure measurement (low sodium intervention)			
Blood pressure variability			
Blood trace element (Cu levels)			
Blood trace element (Se levels)			
Blood trace element (Zn levels)			
Blue vs. brown eyes	目の色(青色vs.茶色)	Trait_easy	NA
Blue vs. green eyes	目の色(青色vs.緑色)	Trait_easy	NA
Body mass (lean)	除脂肪体重(LBM)	Trait_easy	NA
Body mass in chronic obstructive pulmonary disease	慢性閉塞性肺疾患(COPD)における体重	Trait_med	NA
Body mass index	肥満指数(BMI)	Trait_easy	NA
Body mass index (change over time)			
Body mass index (education interaction)			
Body mass index (interaction)			
Body mass index (sex interaction)			
Body mass index and cholesterol (psychopharmacological treatment)	肥満指数(BMI)とコレステロール (精神薬理学治療)	Trait_med	NA
Body mass index and fat mass	肥満指数(BMI)と体脂肪量	Trait_easy	NA
Body mass index in asthmatics			
Body mass index in non-asthmatics			
Bone mineral density	骨密度	Trait_easy	NA
Bone mineral density (hip)	骨密度 (hip)	Trait_easy	NA
Bone mineral density (interaction)	骨密度 (interaction)	Trait_easy	NA
Bone mineral density (paediatric, lower limb)			
Bone mineral density (paediatric, skull)			
Bone mineral density (paediatric, total body less head)			
Bone mineral density (paediatric, upper limb)			
Bone mineral density (spine)	骨密度 (spine)	Trait_easy	NA
Bone mineral density (wrist)			
Bone properties (heel)			
Borderline personality disorder features			
Brachial circumference	上腕周囲長	Trait_easy	NA
Brain connectivity			
Brain cytoarchitecture			
Brain development	脳発生	Trait_med	NA
Brain imaging	脳画像診断	Trait_med	NA
Brain imaging in schizophrenia (interaction)	統合失調症における脳画像診断 (interaction)	Trait_med	NA
Brain lesion load	脳障害の負荷	Trait_med	NA
Brain structure	脳構造	Trait_med	NA
Brain structure (hippocampal volume)			
Brain structure (temporal lobe volume)			
Breast Cancer in BRCA1 mutation carriers			
Breast cancer	乳がん	Disease	NA
Breast cancer (early onset)			
Breast cancer (estrogen-receptor negative)			
Breast cancer (estrogen-receptor negative, progesterone-receptor negative, and human epidermal growth factor-receptor negative)			
Breast cancer (male)			
Breast cancer (menopausal hormone therapy interaction)			
Breast cancer (prognosis)	乳がん (予後)	Disease	NA
Breast cancer (survival)	乳がん (survival)	Disease	NA
Breast cancer in BRCA2 mutation carriers			
Breast size	胸の大きさ	Trait_easy	NA
Bronchodilator response in asthma (inhaled corticosteroid treatment interaction)			
Bronchopulmonary dysplasia	気管支肺異形成症(BPD)	Disease	NA
Brugada syndrome			
Bulimia nervosa			
Burning and freckling	日焼けとそばかすの発生	Trait_easy	NA
Butyrylcholinesterase levels	ブチリルコリンエステラーゼ濃度	Trait_med	NA
C-reactive protein	C反応性タンパク質(CRP)	Trait_med	NA
C-reactive protein and white blood cell count	C反応性タンパク質(CRP)と白血球数	Trait_med	NA
C-reactive protein levels			
C4b binding protein levels	C4b結合タンパク質濃度	Trait_med	NA
CD4:CD8 lymphocyte ratio	CD4-CD8リンパ球比	Trait_med	NA
CYP3A4 enzyme activity	CYP3A4酵素活性	Trait_med	NA
Caffeine consumption	カフェイン消費	Trait_easy	NA
Calcium levels	カルシウム濃度	Trait_easy	NA
Callous-unemotional behaviour			
Cannabis dependence	大麻依存	Disease	NA
Cannabis use (initiation)			
Capecitabine sensitivity	カペシタビン感受性	Trait_med	NA
Cardiac Troponin-T levels			
Cardiac hypertrophy	心臓肥大	Disease	NA
Cardiac muscle measurement			
Cardiac repolarization	心臓の再分極	Disease	NA
Cardiac structure and function	心臓の構造と機能	Trait_med	NA
Cardiovascular disease risk factors	心血管疾患(CVD)危険因子	Trait_med	NA
Cardiovascular event reduction in the elderly at risk for vascular disease (statin therapy interaction)			
Cardiovascular heart disease in diabetics			
Carotenoid and tocopherol levels	カロチノイドとトコフェロール濃度	Trait_med	NA
Carotid atherosclerosis in HIV infection	HIV感染症における頸動脈硬化症	Disease	NA
Carotid intima media thickness	頸動脈の内膜中膜複合体厚(IMT)	Trait_med	NA
Carotid plaque burden (smoking interaction)			
Cataracts in type 2 diabetes	2型糖尿病性白内障	Disease	NA
Caudate nucleus volume	尾状核の体積	Trait_med	NA
Celiac disease	セリアック病	Disease	NA
Celiac disease or Rheumatoid arthritis			
Central corneal thickness	中心角膜厚	Trait_med	NA
Cerebral amyloid angiopathy			
Cerebrospinal AB1-42 levels			
Cerebrospinal AB1-42 levels in Alzheimer's disease dementia			
Cerebrospinal P-tau181p levels			
Cerebrospinal T-tau levels			
Cerebrospinal fluid levels of Alzheimer's disease-related proteins			
Cerivastatin-induced rhabdomyolysis			
Cervical artery dissection			
Cervical cancer			
Chagas cardiomyopathy in Tripanosoma cruzi seropositivity			
Chemerin levels	ケマリン濃度	Trait_med	NA
Chemotherapeutic susceptibility	化学療法感受性	Trait_med	NA
Cholelithiasis-related traits in sickle cell anemia	鎌状赤血球貧血における胆石症関連形質	Trait_med	NA
Cholesterol	コレステロール	Trait_med	NA
Cholesterol and Triglycerides			
Cholesterol, total	コレステロール総量	Trait_med	NA
Chronic bronchitis and chronic obstructive pulmonary disease			
Chronic bronchitis in chronic obstructive pulmonary disease			
Chronic fatigue syndrome	慢性疲労症候群(CFS)	Disease	NA
Chronic hepatitis B infection			
Chronic hepatitis C infection			
Chronic kidney disease	慢性腎疾患(CKD)	Disease	NA
Chronic kidney disease and serum creatinine levels	慢性腎疾患(CKD)と血清クレアチニン濃度	Trait_med	NA
Chronic lymphocytic leukemia	慢性リンパ性白血病(CLL)	Disease	NA
Chronic mucus hypersecretion			
Chronic mucus hypersecretion in chronic obstructive pulmonary disease			
Chronic myeloid leukemia	慢性骨髄性白血病	Disease	NA
Chronic obstructive pulmonary disease	慢性閉塞性肺疾患(COPD)	Disease	NA
Chronic obstructive pulmonary disease (moderate to severe)			
Chronic obstructive pulmonary disease (severe)			
Chronic obstructive pulmonary disease-related biomarkers			
Chronic periodontitis			
Circulating cell-free DNA	循環細胞フリーDNA, セルフリーDNA(ccfDNA)	Trait_med	NA
Circulating myeloperoxidase levels (plasma)			
Circulating myeloperoxidase levels (serum)			
Circulating phylloquinone levels			
Circulating vasoactive peptide levels			
Cleft lip	口唇裂	Disease	NA
Cleft plate (environmental tobacco smoke interaction)			
Clozapine-induced agranulocytosis			
Clubfoot			
Coagulation factor levels	凝固因子濃度	Trait_med	NA
Cocaine dependence			
Coffee consumption	コーヒーの消費	Trait_easy	NA
Coffee consumption (cups per day)			
Cognitive ability	認知能力	Trait_med	NA
Cognitive decline	認知低下	Trait_med	NA
Cognitive decline (age-related)			
Cognitive function	認知機能	Trait_med	NA
Cognitive performance	認知パフォーマンス	Trait_med	NA
Cognitive test performance	認知機能テストのパフォーマンス	Trait_med	NA
Colorectal adenoma (advanced)			
Colorectal cancer	大腸がん	Disease	NA
Colorectal cancer (calcium intake interaction)			
Colorectal cancer (diet interaction)			
Colorectal cancer (interaction)			
Common traits (Other)	Common traits (Other)	NA	NA
Common variable immunodeficiency	分類不能型免疫不全	Disease	NA
Complement C3 and C4 levels	血清補体C3とC4の濃度	Trait_med	NA
Comprehensive strength and appendicular lean mass	圧縮強度と四肢筋肉量低下?	Trait_med	NA
Conduct disorder			
Conduct disorder (interaction)	行動障害 (interaction)	Disease	NA
Conduct disorder (symptom count)	行動障害 (symptom count)	Disease	NA
Confectionary intake			
Congenital heart disease			
Congenital heart malformation			
Congenital left-sided heart lesions			
Congenital left-sided heart lesions (maternal effect)			
Conotruncal heart defects			
Contrast sensitivity			
Corneal astigmatism	角膜乱視	Disease	NA
Corneal curvature	角膜曲率	Trait_med	NA
Corneal structure	角膜構造	Trait_med	NA
Coronary arterial lesions in patients with Kawasaki disease			
Coronary artery calcification	冠動脈石灰化	Disease	NA
Coronary artery calcification (smoking interaction)			
Coronary artery disease			
Coronary artery disease or ischemic stroke			
Coronary artery disease or large artery stroke			
Coronary artery disease-related phenotypes			
Coronary heart disease	冠(状)動脈(性心)疾患	Disease	NA
Coronary heart disease event reduction in response to statin therapy (interaction)			
Coronary heart disease in familial hypercholesterolemia			
Coronary restenosis	冠(状)動脈再狭窄	Disease	NA
Coronary spasm	冠動脈れん縮	Disease	NA
Cortical structure (interaction)			
Cortical thickness	皮質厚	Trait_med	NA
Cortisol levels			
Cortisol secretion	コルチゾールの分泌	Trait_med	NA
Cotinine glucuronidation			
Creatine kinase in statin users			
Creatinine levels	クレアチニン濃度	Trait_med	NA
Creutzfeldt-Jakob disease	クロイツフェルト・ヤコブ病	Disease	NA
Creutzfeldt-Jakob disease (variant)	クロイツフェルト・ヤコブ病 (variant)	Disease	NA
Crohn's disease	クローン病	Disease	NA
Crohn's disease (need for surgery)			
Crohn's disease (time to surgery)			
Crohn's disease and celiac disease	クローン病と小児脂肪便症(セリアック病)	Disease	NA
Crohn's disease and psoriasis	クローン病と乾癬	Disease	NA
Crohn's disease and sarcoidosis (combined)	クローン病とサルコイドーシス(類肉腫症) (combined)	Disease	NA
Crohn's disease-related phenotypes			
Current cigarettes per day in chronic obstructive pulmonary disease			
Cutaneous nevi	皮膚性の母斑症	Disease	NA
Cystatin C	シスタチンC	Trait_med	NA
Cystic fibrosis (meconium ileus)			
Cystic fibrosis severity	嚢胞性繊維症の重症度	Disease	NA
Cystic fibrosis-related diabetes			
Cytomegalovirus antibody response	サイトメガロウイルス抗体反応	Trait_med	NA
D-dimer levels	Dダイマー濃度	Trait_med	NA
DNA methylation (parent-of-origin)			
DNA methylation (variation)			
Dehydroepiandrosterone sulphate levels	デヒドロエアピンドロステロン硫酸塩濃度	Trait_med	NA
Delayed encephalopathy in acute carbon monoxide poisoning			
Dementia and core Alzheimer's disease neuropathologic changes			
Dengue shock syndrome			
Dental caries	う蝕(虫歯)	Disease	NA
Depression (age of onset)	うつ病 (age of onset)	Disease	NA
Depression (quantitative trait)	うつ病 (quantitative trait)	Disease	NA
Depression and alcohol dependence	うつ病とアルコール依存	Disease	NA
Dermatomyositis			
Diabetes (gestational)	糖尿病 (gestational)	Disease	NA
Diabetes (incident)	糖尿病 (incident)	Disease	NA
Diabetes related insulin traits	糖尿病関連のインシュリン形質	Trait_med	NA
Diabetic nephropathy in type 1 diabetes			
Diabetic retinopathy			
Diabetic retinopathy in type 2 diabetes			
Dialysis-related mortality	透析関連の死亡率	Trait_med	NA
Diastolic blood pressure	拡張期血圧 (最低血圧)	Trait_easy	NA
Diastolic blood pressure (alcohol consumption interaction)			
Dietary macronutrient intake			
Diffuse large B cell lymphoma			
Digestive system disease (Barrett's esophagus and esophageal adenocarcinoma combined)			
Digit length ratio	指の長さの比	Trait_easy	NA
Dilated cardiomyopathy	拡張型心筋症	Disease	NA
Disc degeneration (lumbar)	腰椎椎間板変性	Disease	NA
Drinking behavior	飲水行動	Trait_med	NA
Drug-induced Stevens-Johnson syndrome or toxic epidermal necrolysis (SJS/TEN)			
Drug-induced liver injury			
Drug-induced liver injury (amoxicillin-clavulanate)	薬物性肝障害 (amoxicillin-clavulanate)	Disease	NA
Drug-induced liver injury (flucloxacillin)	薬物性肝障害 (flucloxacillin)	Disease	NA
Drug-induced torsades de pointes			
Duodenal ulcer			
Dupuytren's disease	デュピュイトラン病	Disease	NA
E-selectin levels	Eセレクチン濃度	Trait_med	NA
Eating disorders	摂食障害	Disease	NA
Eating disorders (purging via substances)			
Echocardiographic traits	心エコーの特徴	Trait_med	NA
Economic and political preferences	経済的・政治的な選択(好み)	Trait_easy	NA
Economic and political preferences (environmentalism)	経済的・政治的な選択(好み) (environmentalism)	Trait_easy	NA
Economic and political preferences (fairness)	経済的・政治的な選択(好み) (fairness)	Trait_easy	NA
Economic and political preferences (feminism/equality)	経済的・政治的な選択(好み) (feminism/equality)	Trait_easy	NA
Economic and political preferences (immigration/crime)	経済的・政治的な選択(好み) (immigration/crime)	Trait_easy	NA
Economic and political preferences (time)	経済的・政治的な選択(好み) (time)	Trait_easy	NA
Educational attainment	学歴	Trait_easy	NA
Ejection fraction in Tripanosoma cruzi seropositivity			
Electrocardiographic conduction measures	心電図の伝導測定?	Trait_med	NA
Electrocardiographic traits	心電図の特徴	Trait_med	NA
Electrodermal activity			
Electroencephalogram traits	脳波図の特徴	Trait_med	NA
Electroencephalographic traits in alcoholism	アルコール依存症における脳波図の特徴	Trait_med	NA
Elevated serum carcinoembryonic antigen levels			
Emphysema-related traits	肺気腫関連の形質	Trait_med	NA
End-stage coagulation			
End-stage renal disease	末期腎不全	Disease	NA
End-stage renal disease (non-diabetic)	末期腎不全 (non-diabetic)	Disease	NA
End-stage renal disease in Type 1 diabetics			
End-stage renal disease or diabetic nephropathy in type 1 diabetes			
Endometrial cancer	子宮内膜がん	Disease	Female
Endometriosis	子宮内膜症	Disease	Female
Endothelial function traits	内皮機能の形質	Trait_med	NA
Enteric fever			
Entorhinal cortical thickness	嗅内皮質の厚み	Trait_med	NA
Environmental confusion in the home	家における環境の乱雑さ?	Trait_easy	NA
Eosinophil counts	好酸球の数	Trait_med	NA
Eosinophilic esophagitis			
Eosinophilic esophagitis (pediatric)	好酸球性食道炎 (pediatric)	Disease	NA
Epilepsy	てんかん	Disease	NA
Epilepsy (generalized)	てんかん (generalized)	Disease	NA
Epilepsy (remission after treatment)			
Epirubicin-induced leukopenia			
Episodic memory	エピソード記憶	Trait_med	NA
Epithelial ovarian cancer			
Epstein-Barr virus immune response (EBNA-1)			
Erectile dysfunction and prostate cancer treatment	勃起不全と前立腺癌治療	Disease	Male
Erectile dysfunction in type 1 diabetes			
Erythema nodosum in inflammatory bowel disease			
Erythrocyte sedimentation rate	赤血球沈降速度	Trait_med	NA
Esophageal adenocarcinoma			
Esophageal cancer	食道がん	Disease	NA
Esophageal cancer  (alcohol interaction)	食道がん  (alcohol interaction)	Disease	NA
Esophageal cancer (squamous cell)	食道がん (squamous cell)	Disease	NA
Esophageal cancer and gastric cancer	食道がんと胃がん	Disease	NA
Esophageal squamous cell cancer (length of survival)			
Esophageal squamous cell carcinoma			
Essential tremor	特発性振戦	Disease	NA
Estradiol levels	エストラジオール濃度	Trait_med	NA
Estradiol plasma levels (breast cancer)			
Event-related brain oscillations	事象関連脳波振動	Trait_med	NA
Ewing sarcoma	ユーイング肉腫	Disease	NA
Exercise (leisure time)	余暇における運動	Trait_easy	NA
Exercise treadmill test traits	トレッドミル運動負荷試験における特性	Trait_med	NA
Exfoliation glaucoma or exfoliation syndrome			
Exhaled carbon monoxide levels			
Expressive vocabulary in infants			
Eye color	眼色	Trait_easy	NA
Eye color traits	眼色形質	Trait_easy	NA
F-cell distribution	F細胞の分布	Trait_med	NA
Facial morphology	顔の形態	Trait_med	NA
Factor VII	第VII因子(血清プロトロンビン転化促進因子)	Trait_med	NA
Factor XI	第XI因子(血漿トロンボプラスチン前駆物質)	Trait_med	NA
Fasting glucose-related traits	空腹時血糖関連形質	Trait_med	NA
Fasting glucose-related traits (interaction with BMI)	空腹時血糖関連形質 (BMIとの相互作用)	Trait_med	NA
Fasting insulin (interaction)			
Fasting insulin-related traits	空腹時インシュリン関連形質	Trait_med	NA
Fasting insulin-related traits (interaction with BMI)	空腹時インシュリン関連形質 (BMIとの相互作用)	Trait_med	NA
Fasting plasma glucose	空腹時血糖値	Trait_med	NA
Fasting plasma glucose (childhood)			
Fat body mass			
Fat distribution (HIV)			
Fat intake			
Febrile seizures			
Febrile seizures (MMR vaccine-related)			
Febrile seizures (MMR vaccine-unrelated)			
Femoral neck bone geometry	大腿骨頸部の骨形状	Trait_med	NA
Femoral neck bone geometry and menarche (age at onset)			
Fetal hemoglobin levels	胎児性ヘモグロビン濃度	Trait_med	NA
Fetal hemoglobin levels in sickle cell anemia			
Fibrinogen	フィブリノーゲン	Trait_med	NA
Fibromyalgia			
Fluorouracil treatment response in colorectal cancer	大腸がんにおけるフルオロウラシル投与への応答	Trait_med	NA
Folate pathway vitamin levels	葉酸パスウェイにおけるビタミン濃度?	Trait_med	NA
Follicular lymphoma	濾胞性リンパ腫	Disease	NA
Follicule stimulating hormone			
Food antigen IgG levels			
Forced expiratory volume in 1 second			
Forced vital capacity			
Formal thought disorder in schizophrenia	精神分裂病における思考障害	Disease	NA
Fractional exhaled nitric oxide (childhood)			
Fractional exhaled nitric oxide levels			
Fracture-related traits	骨折関連形質	Trait_med	NA
Fractures (vertebral)			
Freckles	そばかす(Freckles)	Trait_easy	NA
Freckling	そばかす(Freckling)	Trait_easy	NA
Free thyroxine concentration			
Frontotemporal dementia			
Frontotemporal lobar degeneration	前頭側頭葉変性症	Disease	NA
Fuchs's corneal dystrophy	フックス角膜内皮変性症	Disease	NA
Functional MRI	機能的MRI(磁気共鳴画像法)	Trait_med	NA
Functional impairment in major depressive disorder, bipolar disorder and schizophrenia			
Gallbladder cancer	胆嚢がん	Disease	NA
Gallstones	胆石症	Disease	NA
Gambling	賭博	Trait_easy	NA
Gamma gluatamyl transferase levels	ガンマグルタミン酸転移酵素濃度	Trait_med	NA
Gamma gluatamyl transferase levels (interaction with age)	ガンマグルタミン酸転移酵素濃度 (年齢との相互作用)	Trait_med	NA
Gamma glutamyl transpeptidase	ガンマグルタミン酸転移酵素	Trait_med	NA
Gastric cancer	胃がん	Disease	NA
Gastritis			
Gaucher disease severity	ゴーシェ病の重症度	Disease	NA
General cognitive ability	一般的な認知能力	Trait_med	NA
Glaucoma	緑内障	Disease	NA
Glaucoma (exfoliation)	緑内障 (剥離)	Disease	NA
Glaucoma (high intraocular pressure)			
Glaucoma (primary angle closure)			
Glaucoma (primary open-angle)	緑内障 (primary open-angle)	Disease	NA
Glioblastoma	グリア芽腫 (神経膠芽細胞腫)	Disease	NA
Glioma	グリオーマ (膠腫)	Disease	NA
Glioma (high-grade)	グリオーマ (膠腫) (high-grade)	Disease	NA
Glomerular filtration rate			
Glomerulosclerosis	糸球体硬化	Disease	NA
Glycated hemoglobin levels	糖化ヘモグロビン濃度	Trait_med	NA
Glycemic control in type 1 diabetes (HbA1c)	1型糖尿病における血糖コントロール (HbA1c)	Trait_med	NA
Glycemic traits			
Glycemic traits (pregnancy)			
Gout	痛風	Disease	NA
Graves' disease	グレーブス病 (眼球突出性甲状腺腫) 	Disease	NA
Gray matter volume (schizophrenia interaction)			
HDL Cholesterol - Triglycerides (HDLC-TG)	HDLコレステロール - トリグリセリド (HDLC-TG)	Trait_med	NA
HDL cholesterol	HDLコレステロール	Trait_med	NA
HDL cholesterol (interaction)			
HIV (mother-to-child transmission)	HIV (母子感染)	Disease	NA
HIV-1 control	HIV-1の制御	Trait_med	NA
HIV-1 progression	HIV-1の進行	Trait_med	NA
HIV-1 replication	HIV-1の複製	Trait_med	NA
HIV-1 susceptibility	HIV-1の感受性	Trait_med	NA
HIV-1 viral setpoint	HIV-1のセットポイント	Trait_med	NA
HIV-associated dementia			
HPV seropositivity	HPV血清陽性	Trait_med	NA
Hair color	毛髪色	Trait_easy	NA
Hair morphology	毛髪の形態	Trait_easy	NA
Handedness			
Handedness in dyslexia	失読症における利き手	Trait_med	NA
Haptoglobin levels	ハプトグロビン濃度	Trait_med	NA
Hashimoto thyroiditis versus Graves' disease			
HbA2 levels			
Head circumference (infant)	頭囲 (乳児)	Trait_med	NA
Hearing function			
Hearing impairment	難聴	Disease	NA
Heart failure	心不全	Disease	NA
Heart rate			
Heart rate variability traits	心拍数変動性形質	Trait_med	NA
Height	身長	Trait_easy	NA
Height adjusted BMI			
Helicobacter pylori serologic status			
Hematocrit	ヘマトクリット値 (血液中の赤血球の割合)	Trait_med	NA
Hematological and biochemical traits			
Hematological parameters	血液学的なパラメータ	Trait_med	NA
Hematology traits	血液学形質	Trait_med	NA
Hemoglobin	ヘモグロビン	Trait_med	NA
Hemoglobin A2 levels in sickle cell anemia			
Hemoglobin levels	ヘモグロビン濃度	Trait_med	NA
Hemostatic factors and hematological phenotypes	止血因子と血液学的な表現型	Trait_med	NA
Heparin-induced thrombocytopenia			
Hepatic lipid content in extreme obesity			
Hepatitis			
Hepatitis B	B型肝炎	Disease	NA
Hepatitis B (viral clearance)	B型肝炎 (ウイルス排除)	Disease	NA
Hepatitis B vaccine response	B型肝炎のワクチン応答	Trait_med	NA
Hepatitis C induced liver cirrhosis			
Hepatitis C induced liver fibrosis	C型肝炎誘発性の肝線維症	Disease	NA
Hepatocellular carcinoma	肝細胞がん	Disease	NA
Hepatocellular carcinoma (hepatitis B virus related)			
Hepcidin levels	ヘプシジン(肝臓由来の抗菌ペプチドホルモン)濃度	Trait_med	NA
Hereditary hemochromatosis-related traits (HFE mutation homozygotes)			
Heroin addiction	ヘロイン中毒	Disease	NA
Heschl's gyrus morphology			
High serum lipase activity			
Hip bone size	寛骨(腰骨)の大きさ	Trait_med	NA
Hip circumference (psychosocial stress interaction)			
Hip geometry	腰の形状	Trait_med	NA
Hippocampal atrophy	海馬萎縮	Disease	NA
Hippocampal sclerosis			
Hippocampal sclerosis of aging			
Hippocampal volume	海馬の体積	Trait_med	NA
Hippocampal volume in schizophrenia			
Hirschsprung disease			
Hoarding	溜め込み症	Disease	NA
Hodgkin's lymphoma	ホジキンリンパ腫	Disease	NA
Homeostasis model assessment of beta-cell function (interaction)			
Homeostasis model assessment of insulin resistance (interaction)			
Homoarginine levels			
Homocysteine levels	ホモシステイン濃度	Trait_med	NA
Hormone measurements			
Hyperactive-impulsive symptoms	多動性・衝動性の症状	Disease	NA
Hyperopia			
Hypersomnia (HLA-DQB1*06:02 negative)			
Hypertension	高血圧	Disease	NA
Hypertension (young onset)	高血圧 (young onset)	Disease	NA
Hypertension risk in short sleep duration	高血圧 (短時間睡眠の継続によるリスク)	Disease	NA
Hypertriglyceridemia	高トリグリセリド血症	Disease	NA
Hypertrophic cardiomyopathy			
Hypospadias	尿道下裂	Disease	NA
Hypothyroidism	甲状腺機能低下症	Disease	NA
IFN-related cytopenia	IFN関連血球減少症	Disease	NA
Idiopathic membranous nephropathy			
Idiopathic pulmonary fibrosis	特発性肺線維症	Disease	NA
IgA levels	IgA(免疫グロブリンA)濃度	Trait_med	NA
IgA nephropathy	IgA(免疫グロブリンA)腎症	Disease	NA
IgE grass sensitization	IgE grass sensitization?	Trait_med	NA
IgE levels			
IgE levels in asthmatics			
IgE levels in asthmatics (D.f. specific)			
IgE levels in asthmatics (D.p. specific)			
IgG glycosylation			
IgG levels	IgG 濃度	Trait_med	NA
IgM levels			
Ileal carcinoids	回腸カルチノイド	Trait_med	NA
Illicit drug use			
Immune reponse to smallpox (secreted IFN-alpha)	天然痘(ほうそう)への免疫応答 (secreted IFN-alpha)	Trait_med	NA
Immune reponse to smallpox (secreted IL-10)	天然痘(ほうそう)への免疫応答 (secreted IL-10)	Trait_med	NA
Immune reponse to smallpox (secreted IL-12p40)	天然痘(ほうそう)への免疫応答 (secreted IL-12p40)	Trait_med	NA
Immune reponse to smallpox (secreted IL-1beta)	天然痘(ほうそう)への免疫応答 (secreted IL-1beta)	Trait_med	NA
Immune reponse to smallpox (secreted IL-2)	天然痘(ほうそう)への免疫応答 (secreted IL-2)	Trait_med	NA
Immune reponse to smallpox (secreted TNF-alpha)	天然痘(ほうそう)への免疫応答 (secreted TNF-alpha)	Trait_med	NA
Immune response to anthrax vaccine			
Immune response to measles-mumps-rubella vaccine			
Immune response to smallpox vaccine (IL-6)	天然痘(ほうそう)ワクチンへの免疫応答 (IL-6)	Trait_med	NA
Immunoglobulin A			
Inattentive symptoms	注意欠陥障害	Disease	NA
Infant length			
Infantile hypertrophic pyloric stenosis	乳児肥厚性幽門狭窄症	Disease	NA
Inflammatory biomarkers	炎症のバイオマーカー	Trait_med	NA
Inflammatory biomarkers in Kawasaki disease			
Inflammatory bowel disease	炎症性腸疾患	Disease	NA
Inflammatory bowel disease (early onset)	炎症性腸疾患 (early onset)	Disease	NA
Influenza (severity)	インフルエンザの重症度	Disease	NA
Information processing speed	情報処理の速度	Trait_easy	NA
Insomnia			
Insomnia (caffeine-induced)	不眠症 (カフェイン誘導性の)	Disease	NA
Insulin resistance/response	インシュリン抵抗・応答性	Trait_med	NA
Insulin-like growth factors	インシュリン様成長因子	Trait_med	NA
Insulin-related traits	インシュリン関連形質	Trait_med	NA
Intelligence	知能	Trait_easy	NA
Intelligence (childhood)			
Interferon alpha levels in systemic lupus erythematosus			
Interleukin-18 levels	インターロイキン18濃度	Trait_med	NA
Interstitial lung disease			
Intracerebral hemorrhage			
Intracranial aneurysm	頭蓋内動脈瘤	Disease	NA
Intracranial volume	頭蓋内体積	Trait_med	NA
Intraocular pressure	眼内圧	Trait_med	NA
Iris characteristics	虹彩の特徴	Trait_easy	NA
Iris color	虹彩の色	Trait_easy	NA
Iron deficiency			
Iron levels	鉄濃度	Trait_med	NA
Iron status biomarkers	鉄の状態のバイオマーカー	Trait_med	NA
Iron status biomarkers (ferritin levels)			
Iron status biomarkers (iron levels)			
Iron status biomarkers (transferrin levels)			
Iron status biomarkers (transferrin saturation)			
Irritable bowel syndrome			
Ischemic stroke			
Job-related exhaustion			
Joint damage progression in ACPA-positive rheumatoid arthritis			
Kashin-Beck disease			
Kawasaki disease	川崎病	Disease	NA
Keloid	ケロイド(蟹足腫)	Disease	NA
Kidney function decline traits			
Kidney stones	腎結石	Disease	NA
Knee osteoarthritis	膝関節症	Disease	NA
L-arginine levels			
LDL (oxidized)			
LDL cholesterol	LDLコレステロール	Trait_med	NA
Lapatinib-induced hepatotoxicity in breast cancer			
Large B-cell lymphoma	大細胞型B細胞性リンパ腫	Disease	NA
Large artery stroke			
Laryngeal squamous cell carcinoma			
Lean body mass			
Lean body mass and age at menarche (combined)	除脂肪体重と月経開始 (combined)	Trait_med	NA
Left inferior lateral ventricle volume (Cerebrospinal fluid biomarker status interaction)			
Left ventricular mass	左室体積	Trait_med	NA
Leishmaniasis (visceral)			
Lentiform nucleus volume			
Leprosy	らい(癩)病 (ハンセン病)	Disease	NA
Lewy body disease			
Life threatening arrhythmia	致命的な不整脈	Disease	NA
Lifetime average cigarettes per day in chronic obstructive pulmonary disease			
Lipid levels in hepatitis C treatment	C型肝炎治療における脂質濃度	Trait_med	NA
Lipid metabolism phenotypes	脂質代謝の表現型	Trait_med	NA
Lipid traits	脂質の形質	Trait_med	NA
Lipopolysaccharide induced cytokine levels			
Lipoprotein diameter			
Lipoprotein-associated phospholipase A2 activity and mass	リポタンパク質関連ホスホリパーゼA2の活性と量	Trait_med	NA
Lipoprotein-associated phospholipase A2 activity change in response to statin therapy			
Liver disease in chronic hepatitis B virus infection			
Liver enzyme levels	肝臓酵素濃度	Trait_med	NA
Liver enzyme levels (alanine transaminase)	肝臓酵素濃度 (alanine transaminase)	Trait_med	NA
Liver enzyme levels (alkaline phosphatase)	肝臓酵素濃度 (alkaline phosphatase)	Trait_med	NA
Liver enzyme levels (aspartate transaminase)			
Liver enzyme levels (gamma-glutamyl transferase)	肝臓酵素濃度 (gamma-glutamyl transferase)	Trait_med	NA
Lobular breast cancer (menopausal hormone therapy interaction)			
Local histogram emphysema pattern			
Longevity	寿命	Trait_easy	NA
Longevity (85 years and older)			
Longevity (90 years and older)			
Lp (a) levels	リポタンパク質(a)濃度	Trait_med	NA
Lumiracoxib-related liver injury	ルミラコキシブ関連の肝臓損傷	Disease	NA
Lung Cancer (DNA repair capacity)			
Lung adenocarcinoma	肺腺がん	Disease	NA
Lung adenocarcinoma (clinical stage)	肺腺がん (clinical stage)	Disease	NA
Lung cancer	肺がん	Disease	NA
Lung cancer (smoking interaction)			
Lung cancer-asbestos exposure interaction	肺がんとアスベスト曝露の相互作用	Disease	NA
Lung function			
Lung function (forced expiratory flow between 25% and 75% of forced vital capacity)			
Lung function (forced expiratory volume in 1 second to forced vital capacity ratio)			
Lung function (forced expiratory volume in 1 second)			
Lung function (forced vital capacity)			
Lupus	ループス(狼瘡)	Disease	NA
Lupus nephritis in systemic lupus erythematosus			
Lymphocyte counts	リンパ球量	Trait_med	NA
Lymphoma			
MRI atrophy measures	MRIによる萎縮測定	Trait_med	NA
Magnesium levels	マグネシウム濃度	Trait_med	NA
Major CVD	主要な心血管疾患	Disease	NA
Major depressive disorder	大うつ病性障害	Disease	NA
Major depressive disorder (broad)	大うつ病性障害 (broad)	Disease	NA
Major mood disorders	主要な気分障害	Disease	NA
Malaria	マラリア	Disease	NA
Male fertility	雄性稔性(生殖能)	Disease	NA
Male infertility	男性不妊症	Disease	NA
Male-pattern baldness	男性型脱毛症	Disease	NA
Malignant mesothelioma			
Malignant pleural mesothelioma			
Mammographic density	乳房X線撮影の密度	Trait_med	NA
Mammographic density (dense area)			
Mammographic density (non-dense area)			
Maternal genotype effects in autism spectrum disorder families			
Mathematical ability	数理能力	Trait_easy	NA
Mathematical ability in children with dyslexia			
Matrix metalloproteinase levels	マトリックスメタロプロテアーゼ濃度	Trait_med	NA
Maximal oxygen uptake response			
Mean arterial pressure (alcohol consumption interaction)			
Mean corpuscular hemoglobin	平均赤血球ヘモグロビン量	Trait_med	NA
Mean corpuscular hemoglobin concentration			
Mean corpuscular volume	平均赤血球容積	Trait_med	NA
Mean forced vital capacity from 2 exams	平均努力肺活量 (2つの検査による)	Trait_med	NA
Mean platelet volume	平均血小板容積	Trait_med	NA
Medication adherence in chronic diseases			
Melanoma	メラノーマ(悪性黒色腫)	Disease	NA
Memory (short-term)	短期記憶	Trait_easy	NA
Memory performance	記憶能力	Trait_easy	NA
Menarche (age at onset)	月経開始期 (age at onset)	Trait_med	NA
Menarche and menopause (age at onset)	月経開始期と閉経 (age at onset)	Trait_med	NA
Meningioma			
Meningococcal disease	髄膜炎菌性疾患	Disease	NA
Menopause (age at onset)	閉経 (age at onset)	Trait_med	NA
Mesial temporal lobe epilepsy with hippocampal sclerosis			
Metabolic syndrome	メタボリックシンドローム	Disease	NA
Metabolic syndrome (bivariate traits)	メタボリックシンドローム (二変量の形質)	Disease	NA
Metabolic traits	代謝の形質	Trait_med	NA
Metabolite levels	代謝物質濃度	Trait_med	NA
Metabolite levels  (X-11787)			
Metabolite levels (5-HIAA)			
Metabolite levels (5-HIAA/ MHPG Ratio)			
Metabolite levels (Dihydroxy docosatrienoic acid)			
Metabolite levels (HVA)			
Metabolite levels (HVA-5-HIAA Factor score)			
Metabolite levels (HVA/5-HIAA ratio)			
Metabolite levels (HVA/MHPG ratio)			
Metabolite levels (MHPG)			
Metabolite levels (Pyroglutamine)			
Methamphetamine dependence	メタンフェタミン依存症	Disease	NA
Methotrexate clearance (acute lymphoblastic leukemia)			
Methotrexate phramacokinetics (acute lymphoblastic leukemia)			
Migraine	偏頭痛	Disease	NA
Migraine - clinic-based			
Migraine in bipolar disorder	双極性障害における偏頭痛	Disease	NA
Migraine in psychiatric disorder			
Migraine with aura			
Migraine without aura			
Mitochondrial DNA levels			
Mitral annular calcification			
Mixed cryoglobulinemia vasculitis in chronic hepatitis C infection			
Molar-incisor hypomineralization			
Monocyte chemoattractant protein-1			
Monocyte count			
Monocyte early outgrowth colony forming units	単核細胞の早期増殖コロニーフォーミングユニット	Trait_med	NA
Morbidity-free survival	罹患なしの生存	Trait_med	NA
Morphine dose requirement in tonsillectomy and adenoidectomy surgery			
Mortality in heart failure			
Moyamoya disease	もやもや病(ウィリス動脈輪閉塞症)	Disease	NA
Multiple cancers (lung cancer, gastric cancer, and squamous cell carcinoma)			
Multiple myeloma	多発性骨髄腫	Disease	NA
Multiple myeloma (IgH translocation)			
Multiple myeloma (hyperdiploidy)			
Multiple sclerosis	多発性硬化症	Disease	NA
Multiple sclerosis (OCB status)			
Multiple sclerosis (age of onset)	多発性硬化症 (age of onset)	Disease	NA
Multiple sclerosis (severity)	多発性硬化症の重症度	Disease	NA
Multiple sclerosis or amyotrophic lateral sclerosis			
Multiple sclerosis--Brain Glutamate Levels	多発性硬化症と脳グルタミン酸濃度	Trait_med	NA
Musical aptitude			
Musician's dystonia			
Myasthenia gravis			
Myeloproliferative neoplasms	骨髄増殖性腫瘍	Disease	NA
Myocardial infarction	心筋梗塞	Disease	NA
Myocardial infarction (early onset)	心筋梗塞 (early onset)	Disease	NA
Myocardial infarction in coronary artery disease			
Myopia			
Myopia (pathological)	近視 (病理的な)	Disease	NA
Myopia (severe)			
N-glycan levels	N-グリカン濃度	Trait_med	NA
NHDL cholesterol			
Naphthyl-keratin adduct levels			
Narcolepsy	睡眠発作(ナルコレプシー)	Disease	NA
Narcolepsy (age of onset)			
Narcolepsy (onset before 2009 H1N1 influenza pandemic)			
Narcolepsy with cataplexy			
Nasopharyngeal carcinoma	鼻咽頭がん	Disease	NA
Natriuretic peptide levels	ナトリウム利尿ペプチド濃度	Trait_med	NA
Neonatal lupus	新生児ループス	Disease	NA
Nephrolithiasis	腎石症	Disease	NA
Nephropathy	腎障害	Disease	NA
Nephrotic syndrome (acquired)	後天性ネフローゼ症候群	Disease	NA
Neural processing (facial expression)	神経処理 (顔面表情)	Trait_med	NA
Neuranatomic and neurocognitive phenotypes	神経解剖学的・認知神経科学的な表現型	Trait_med	NA
Neuritic plaque			
Neuroblastoma	神経芽細胞腫(ニューロブラストーマ)	Disease	NA
Neuroblastoma (high-risk)	神経芽細胞腫(ニューロブラストーマ)の高いリスク	Disease	NA
Neurofibrillary tangles			
Neuromyelitis optica	視神経脊髄炎	Disease	NA
Neuropathic pain in type 2 diabetes			
Neuroticism	神経質(ニューロティシズム)	Disease	NA
Neutrophil count	好中球数	Trait_med	NA
Nevirapine-induced rash	ネビラピン誘発性の発疹	Disease	NA
Nevus count	母斑数	Trait_med	NA
Nicotine dependence	ニコチン依存症	Disease	NA
Nicotine glucouronidation			
Nicotine use			
Nodular sclerosis Hodgkin lymphoma	結節硬化型ホジキンリンパ腫	Disease	NA
Non-albumin protein levels			
Non-alcoholic fatty liver disease			
Non-alcoholic fatty liver disease histology (AST)	非アルコール性脂肪性肝疾患の組織学 (AST)	Trait_med	NA
Non-alcoholic fatty liver disease histology (lobular)	非アルコール性脂肪性肝疾患の組織学 (lobular)	Trait_med	NA
Non-alcoholic fatty liver disease histology (other)	非アルコール性脂肪性肝疾患の組織学 (other)	Trait_med	NA
Non-melanoma skin cancer			
Non-obstructive azoospermia	非閉塞性無精子症	Disease	NA
Non-small cell lung cancer	非小細胞肺がん	Disease	NA
Non-small cell lung cancer (recurrence rate)			
Non-small cell lung cancer (survival)			
Non-substance related behavioral disinhibition			
Non-word repetition			
Nonalcoholic fatty liver disease	非アルコール性脂肪性肝疾患	Disease	NA
Normalized brain volume	標準脳容積	Trait_med	NA
Obesity	肥満症	Disease	NA
Obesity (early onset extreme)	肥満症 (early onset extreme)	Disease	NA
Obesity (extreme)	肥満症 (極度の)	Disease	NA
Obesity and osteoporosis	肥満症と骨粗鬆症	Disease	NA
Obesity-related traits	肥満関連形質	Trait_med	NA
Obsessive-compulsive disorder	強迫性障害	Disease	NA
Odorant perception	臭気物質知覚力	Trait_med	NA
Odorant perception (&beta;-damascenone)			
Odorant perception (&beta;-ionone)			
Odorant perception (isobutyraldehyde)			
Oleic acid (18:1n-9) plasma levels			
Opioid sensitivity			
Optic disc area			
Optic disc parameters	視神経円板パラメータ	Trait_med	NA
Optic nerve measurement (cup area)			
Optic nerve measurement (cup-to-disc ratio)			
Optic nerve measurement (disc area)			
Optic nerve measurement (rim area)			
Oral cancers (chewing tobacco related)	口腔がん (噛みたばこ関連の)	Disease	NA
Orofacial clefts	口唇裂・口蓋裂	Disease	NA
Orofacial clefts (interaction)			
Orthostatic hypotension			
Ossification of the posterior longitudinal ligament of the spine			
Osteoarthritis	骨関節炎	Disease	NA
Osteoarthritis (hand, severe)			
Osteoarthritis (hip)			
Osteoarthritis biomarkers			
Osteonecrosis of the jaw	顎骨壊死	Disease	NA
Osteoporosis	骨粗鬆症	Disease	NA
Osteoporosis-related phenotypes	骨粗鬆症関連形質	Trait_med	NA
Osteoprotegerin levels			
Osteosarcoma			
Other erythrocyte phenotypes	その他の赤血球表現型	Trait_med	NA
Otitis media (chronic/recurrent)			
Otosclerosis	耳硬化症	Disease	NA
Ovarian cancer	卵巣がん	Disease	NA
Ovarian cancer in BRCA1 mutation carriers			
Ovarian reserve	卵巣予備能	Trait_med	NA
Overweight status			
P wave duration			
PCA3 expression level			
PR interval	PR間隔	Trait_med	NA
PR interval in Tripanosoma cruzi seropositivity			
PR segment			
Paclitaxel-induced neuropathy	パクリタキセル誘導性の神経障害	Disease	NA
Paget's disease	乳房ページェット病	Disease	NA
Pain	疼痛(痛み)	Trait_med	NA
Palmitic acid (16:0) plasma levels			
Palmitoleic acid (16:1n-7) plasma levels			
Pancreatic cancer	膵臓がん	Disease	NA
Pancreatitis			
Panic disorder	パニック障害	Disease	NA
Paraoxonase activity			
Parasitemia in Tripanosoma cruzi seropositivity			
Parent of origin effect on language impairment (maternal)			
Parent of origin effect on language impairment (paternal)			
Parkinson's disease	パーキンソン病	Disease	NA
Parkinson's disease (age of onset)	パーキンソン病 (age of onset)	Disease	NA
Parkinson's disease (familial)	パーキンソン病 (familial)	Disease	NA
Parkinson's disease (interaction with coffee consumption)	パーキンソン病 (interaction with coffee consumption)	Disease	NA
Parkinson's disease (motor and cognition)	パーキンソン病 (motor and cognition)	Disease	NA
Partial epilepsies	部分的なてんかん	Disease	NA
Pelvic organ prolapse	骨盤臓器脱	Disease	NA
Pemphigus vulgaris	尋常性天疱瘡	Disease	NA
Percent mammographic density			
Pericardial fat	心膜脂肪	Trait_med	NA
Periodontal disease-related phenotypes			
Periodontal microbiota	歯周微生物叢	Trait_med	NA
Periodontitis	歯周炎	Disease	NA
Periodontitis (CDC/AAP)			
Periodontitis (DPAL)			
Periodontitis (Mean PAL)			
Periodontitis (PAL4Q3)			
Peripartum cardiomyopathy	周産期心筋症	Disease	NA
Peripheral artery disease	末梢動脈疾患	Disease	NA
Permanent tooth development	永久歯の発育	Trait_med	NA
Persistent attention-deficit hyperactivity disorder			
Personality dimensions	人格の次元	Trait_med	NA
Personality disorders	パーソナリティ障害	Disease	NA
Personality traits in bipolar disorder			
Phenytoin-induced severe cutaneous adverse reactions			
Phospholipid levels (plasma)	リン脂質濃度 (血しょう)	Trait_med	NA
Phosphorus levels	リン濃度	Trait_med	NA
Phytosterol levels	フィトステロール(植物性ステロール)濃度	Trait_med	NA
Pit-and-Fissure caries			
Plasma amyloid beta peptide concentrations (ABx-40)			
Plasma amyloid beta peptide concentrations (ABx-42)			
Plasma cystastin c levels in acute coronary syndrome			
Plasma homocysteine levels (post-methionine load test)			
Plasma omega-6 polyunsaturated fatty acid levels (adrenic acid)			
Plasma omega-6 polyunsaturated fatty acid levels (arachidonic acid)			
Plasma omega-6 polyunsaturated fatty acid levels (dihomo-gamma-linolenic acid)			
Plasma omega-6 polyunsaturated fatty acid levels (gamma-linolenic acid)			
Plasma omega-6 polyunsaturated fatty acid levels (linoleic acid)			
Plasma plasminogen activator levels			
Plasma plasminogen levels			
Plasma renin activity levels			
Plasma thyroid-stimulating hormone levels			
Plasma trimethylamine N-oxide levels			
Plasminogen activator inhibitor type 1 levels (PAI-1)	1型プラスミノーゲン活性化因子インヒビター(PAI-1)濃度	Trait_med	NA
Platelet aggregation	血小板凝固	Trait_med	NA
Platelet counts	血小板数	Trait_med	NA
Platelet function and related traits	血小板機能と関連形質	Trait_med	NA
Platelet reactivity			
Pneumoconiosis in silica exposure			
Podoconiosis	象皮病	Disease	NA
Political ideology			
Polycystic ovary syndrome	多嚢胞性卵巣症候群	Disease	NA
Polyunsaturated fatty acid levels	多価不飽和脂肪酸濃度	Trait_med	NA
Post-traumatic stress disorder			
Post-traumatic stress disorder (asjusted for relatedness)			
Postoperative nausea and vomiting			
Postoperative ventricular dysfunction			
Preeclampsia	子癇前症(妊娠高血圧腎症)	Disease	NA
Premature ovarian failure	早期卵巣機能不全(早発閉経)	Disease	NA
Preschool internalizing problems			
Presence of antiphospholipid antibodies			
Primary biliary cirrhosis	原発性胆汁性肝硬変	Disease	NA
Primary sclerosing cholangitis	原発性硬化性胆管炎	Disease	NA
Primary tooth development (number of teeth)	乳歯の発育 (歯の数)	Trait_med	NA
Primary tooth development (time to first tooth eruption)	乳歯の発育 (初めの歯が現れる時期)	Trait_med	NA
Prion diseases	プリオン病	Disease	NA
Progranulin levels	プログラヌリン濃度	Trait_med	NA
Progressive supranuclear palsy	進行性核上麻痺	Disease	NA
Proinsulin levels	プロインシュリン濃度	Trait_med	NA
Prostate cancer	前立腺がん	Disease	Male
Prostate cancer (early onset)			
Prostate cancer (gene x gene interaction)	前立腺がん (遺伝子間相互作用)	Disease	Male
Prostate cancer mortality	前立腺がん (死亡率)	Disease	Male
Prostate-specific antigen levels	前立腺特異抗原濃度	Trait_med	Male
Protein C levels	プロテインC濃度	Trait_med	NA
Protein biomarker			
Protein quantitative trait loci	タンパク質量的形質遺伝子座	Trait_med	NA
Prothrombin time	プロトロンビン時間(血液の凝固因子に関する指標の1つ)	Trait_med	NA
Pseudoexfoliation syndrome	水晶体落屑症候群	Disease	NA
Psoriasis	乾癬	Disease	NA
Psoriatic arthritis	乾癬性関節炎	Disease	NA
Psychosis			
Psychosis (atypical)			
Psychosis (methamphetamine induced)			
Psychosis and Alzheimer's disease			
Psychosis in Alzheimer's disease			
Pubertal anthropometrics			
Puberty onset			
Puberty onset (breast development)			
Puberty onset (genital enlargement)			
Pulmonary arterial hypertension (without BMPR2 mutations)			
Pulmonary artery enlargement and chronic obstructive pulmonary disease			
Pulmonary artery enlargement in chronic obstructive pulmonary disease			
Pulmonary emphysema			
Pulmonary function	肺機能	Trait_med	NA
Pulmonary function (interaction)			
Pulmonary function decline	肺機能の低下	Trait_med	NA
Pulmonary function in asthmatics			
Pulse pressure (alcohol consumption interaction)			
Pulse pressure in young-onset hypertension			
Pyoderma gangrenosum in inflammatory bowel disease			
QRS duration			
QRS duration in Tripanosoma cruzi seropositivity			
QT interval	QT間隔(心電図用語)	Trait_med	NA
QT interval (interaction)			
QT interval in Tripanosoma cruzi seropositivity			
Quantitative traits	量的形質	NA	NA
RR interval (heart rate)	R-R間隔 (heart rate)	Trait_med	NA
Radiation response	放射線反応	Trait_med	NA
Rate of change of FEV1 (time interaction)			
Reading and spelling			
Reading disability and language impairment			
Reading or mathematical ability			
Receptive language ability			
Recombination measurement			
Recombination measurement (females)			
Recombination measurement (males)			
Recombination rate (females)	組換え率 (女性)	Trait_med	NA
Recombination rate (males)	組換え率 (男性)	Trait_med	NA
Red blood cell count			
Red blood cell fatty acid levels			
Red blood cell traits	赤血球の形質	Trait_med	NA
Red vs non-red hair color	赤毛と非赤毛(Red vs non-red hair color)	Trait_easy	NA
Red vs. non-red hair color	赤毛と非赤毛(Red vs. non-red hair color)	Trait_easy	NA
Refractive astigmatism			
Refractive error	屈折異常	Disease	NA
Relative hand skill			
Relative hand skill in reading disability			
Renal cell carcinoma	腎細胞がん	Disease	NA
Renal function and chronic kidney disease	胃機能と慢性腎臓病	Disease	NA
Renal function-related traits (BUN)	胃機能関連形質 (BUN)	Trait_med	NA
Renal function-related traits (eGRFcrea)	胃機能関連形質 (eGRFcrea)	Trait_med	NA
Renal function-related traits (sCR)	胃機能関連形質 (sCR)	Trait_med	NA
Renal function-related traits (urea)	胃機能関連形質 (urea)	Trait_med	NA
Renal sinus fat			
Renal transplant outcome			
Reporting of stressful life event			
Resistin levels			
Response to TNF antagonist treatment	TNF拮抗薬治療への応答	Trait_med	NA
Response to TNF-alpha inhibitors in rheumatoid arthritis	関節リウマチにおけるTNF-alpha阻害剤への応答	Trait_med	NA
Response to Vitamin E supplementation	ビタミンE補給への応答	Trait_med	NA
Response to abacavir-containing treatment in HIV-1 infection (virologic failure)			
Response to acetaminophen (hepatotoxicity)	アセトアミノフェン(肝毒性)への応答	Trait_med	NA
Response to alcohol consumption (flushing response)			
Response to amphetamines	アンフェタミン(合成覚せい剤)への応答	Trait_med	NA
Response to angiotensin II receptor blocker therapy	アンジオテンシンII受容体拮抗薬療法への応答	Trait_med	NA
Response to angiotensin II receptor blocker therapy (opposite direction w/ diuretic therapy)	アンジオテンシンII受容体拮抗薬療法への応答 (opposite direction w/ diuretic therapy)	Trait_med	NA
Response to angiotensin II receptor blocker treatment (losartan) (change in systolic blood pressure levels)			
Response to anti-TNF alpha therapy in inflammatory bowel disease			
Response to anti-TNF treatment in rheumatoid arthritis			
Response to anti-depressant treatment in major depressive disorder			
Response to anti-retroviral therapy (ddI/d4T) in HIV-1 infection (Grade 1 peripheral neuropathy)			
Response to anti-retroviral therapy (ddI/d4T) in HIV-1 infection (Grade 2 peripheral neuropathy)			
Response to anti-retroviral therapy (ddI/d4T) in HIV-1 infection (Grade 3 peripheral neuropathy)			
Response to antidepressant treatment	抗うつ薬治療への応答	Trait_med	NA
Response to antidepressant treatment (citalopram)			
Response to antidepressants	抗うつ薬への応答	Trait_med	NA
Response to antineoplastic agents	抗腫瘍薬への応答	Trait_med	NA
Response to antiplatelet therapy			
Response to antipsychotic therapy (extrapyramidal side effects)	統合失調症治療薬治療への応答 (錐体外路症状)	Trait_med	NA
Response to antipsychotic treatment	統合失調症治療への応答	Trait_med	NA
Response to antipsychotic treatment in schizophrenia (reasoning)			
Response to antipsychotic treatment in schizophrenia (working memory)			
Response to chemotherapy in breast cancer (hypertension) (bevacizumab)			
Response to chemotherapy in breast cancer hypertensive cases (cumulative dose) (bevacizumab)			
Response to chemotherapy in multiple myeloma (oral mucositis) (high-dose melphalan)			
Response to cholinesterase inhibitors in Alzheimer's disease			
Response to citalopram treatment	シタロプラム(抗うつ薬)療法への応答	Trait_med	NA
Response to clopidogrel therapy	クロピドグレル(血小板凝集抑制薬)療法への応答	Trait_med	NA
Response to cytadine analogues (cytosine arabinoside)			
Response to cytidine analogues (gemcitabine)			
Response to dabigatran etexilate treatment			
Response to diuretic therapy	利尿剤治療への応答	Trait_med	NA
Response to diuretic therapy in hypertension			
Response to fenofibrate	フェノフィブラート(抗脂質血症薬)への応答	Trait_med	NA
Response to fenofibrate (adiponectin levels)			
Response to gemcitabine in pancreatic cancer			
Response to haloperidol in psychosis			
Response to hepatitis C treatment	C型肝炎治療への応答	Trait_med	NA
Response to iloperidone treatment (PANSS-T score)	イロペリドン(統合失調症治療薬)療法への応答 (PANSS-T score)	Trait_med	NA
Response to iloperidone treatment (QT prolongation)	イロペリドン(統合失調症治療薬)療法への応答 (QT延長)	Trait_med	NA
Response to inhaled corticosteroid treatment in asthma (percentage change of FEV1)			
Response to interferon beta therapy	インターフェロンベータ(抗ウイルス耐性誘導タンパク質)療法への応答	Trait_med	NA
Response to irinotecan and platinum-based chemotherapy in non-small-cell lung cancer			
Response to irinotecan in non-small-cell lung cancer	非小細胞肺がんにおけるイリノテカン(抗がん剤)への応答	Trait_med	NA
Response to lithium treatment in bipolar disorder	双極性障害におけるリチウム療法への応答	Trait_med	NA
Response to mTOR inhibitor (everolimus)			
Response to mTOR inhibitor (rapamycin)			
Response to metformin	メトホルミン(抗糖尿病薬)への応答	Trait_med	NA
Response to metformin in type 2 diabetes (glycemic)			
Response to methotrexate in juvenile idiopathic arthritis			
Response to methotrexate in rheumatoid arthritis			
Response to methylphenidate treatment in attention-deficit/hyperactivity disorder (blood pressure)			
Response to platinum-based agents	白金製剤への応答	Trait_med	NA
Response to platinum-based chemotherapy (carboplatin)			
Response to platinum-based chemotherapy (cisplatin)			
Response to platinum-based chemotherapy in head and neck cancers			
Response to platinum-based chemotherapy in non-small-cell lung cancer	非小細胞肺がんにおける白金製剤化学療法への応答	Trait_med	NA
Response to platinum-based chemotherapy in small cell and non-small cell lung cancers	小細胞と非小細胞肺がんにおける白金製剤化学療法への応答	Trait_med	NA
Response to platinum-based chemotherapy in small-cell lung cancer	小細胞肺がんにおける白金製剤化学療法への応答	Trait_med	NA
Response to protease inhibitor treatment in hepatitis c (bilirubin toxicity)			
Response to protease inhibitor treatment in hepatitis c (peak serum total bilirubin levels)			
Response to radiotherapy in cancer (late toxicity)			
Response to radiotherapy in prostate cancer (toxicity)			
Response to rate control therapy in atrial fibrillation			
Response to serotonin reuptake inhibitors in major depressive disorder (plasma drug and metabolite levels)			
Response to simvastatin treatment (PCSK9 protein level change)			
Response to statin therapy	スタチン療法(高コレステロール血症の薬物治療)への応答	Trait_med	NA
Response to statin therapy (LDL-C)	スタチン療法(高コレステロール血症の薬物治療)への応答 (LDL-C)	Trait_med	NA
Response to statins (LDL cholesterol change)			
Response to tamoxifen in breast cancer	乳がんにおけるタモキシフェン(抗がん剤)への応答	Trait_med	NA
Response to taxane treatment (docetaxel)	タキサン(抗がん剤)療法への応答 (docetaxel)	Trait_med	NA
Response to taxane treatment (placlitaxel)	タキサン(抗がん剤)療法への応答 (placlitaxel)	Trait_med	NA
Response to temozolomide			
Response to thiazide diuretic treatment (hypokalemia)			
Response to thiopurine immunosuppressants in inflammatory bowel disease (pancreatitis) (azathioprine and mercaptopurine)			
Response to tocilizumab in rheumatoid arthritis	関節リウマチにおけるトシリズマブへの応答	Trait_med	NA
Response to treatment for acute lymphoblastic leukemia	急性リンパ芽球性白血病治療への応答	Trait_med	NA
Response to ximelagatran treatment	キシメラガトラン療法への応答	Trait_med	NA
Resting heart rate	安静時心拍数	Trait_med	NA
Resting oxygen saturation in chronic osbtructive pulmonary disease (pulse oxymetry)			
Restless legs syndrome	下肢静止不能症候群	Disease	NA
Retinal arteriolar caliber			
Retinal vascular caliber	網膜脈管口径	Trait_med	NA
Retinol levels	レチノール濃度	Trait_med	NA
Retinopathy in non-diabetics			
Rhegmatogenous retinal detachment			
Rheumatoid arthritis	関節リウマチ	Disease	NA
Rheumatoid arthritis (ACPA-negative)			
Rheumatoid factor			
Ribavirin-induced anemia	リバビリン誘導性の貧血	Disease	NA
Sagittal craniosynostosis			
Sarcoidosis	サルコイドーシス(類肉腫症)	Disease	NA
Sasang constitutional medicine type			
Schizophrenia	統合失調症	Disease	NA
Schizophrenia (age at onset)			
Schizophrenia (age at onset) (gender interaction)			
Schizophrenia (cytomegalovirus infection interaction)			
Schizophrenia (negative symptoms)			
Schizophrenia (treatment resistant)			
Schizophrenia or bipolar disorder			
Schizophrenia, bipolar disorder and depression (combined)	統合失調症・双極性障害・うつ病 (combined)	Disease	NA
Schizophrenia, schizoaffective disorder or bipolar disorder			
Sclerosing cholangitis and ulcerative colitis (combined)	硬化性胆管炎と潰瘍性大腸炎 (combined)	Disease	NA
Scoliosis	脊柱側弯症	Disease	NA
Select biomarker traits	Select biomarker traits	NA	NA
Self-employment			
Self-rated health	自己評価健康状態	Trait_med	NA
Self-reported allergy			
Sensory disturbances after bilateral sagittal split ramus osteotomy			
Sepsis from pneumonia (survival)			
Serologic markers in systemic lupus erythematosus	全身性紅斑性狼瘡における血清マーカー	Trait_med	NA
Serum IgA levels			
Serum IgE levels			
Serum VEGFR2 concentration			
Serum albumin level			
Serum alkaline phosphatase levels			
Serum alpha1-antitrypsin levels			
Serum ceruloplasmin levels			
Serum dimethylarginine levels (asymmetric/symetric ratio)			
Serum ferritin levels			
Serum lipase activity			
Serum metabolite levels			
Serum prostate-specific antigen levels			
Serum protein levels (sST2)			
Serum selenium levels			
Serum tamsulosin hydrochloride concentration			
Serum thyroid-stimulating hormone levels			
Serum total protein level			
Serum uric acid levels			
Serum vitamin D-binding protein levels			
Sex hormone-binding globulin levels	性ホルモン結合グロブリン濃度	Trait_med	NA
Sex ratio at birth	出生性比	Trait_med	NA
Sexual dimorphism in anthropometric traits			
Sexual dysfunction (SSRI/SNRI-related)	性機能不全 (SSRI/SNRI-related)	Disease	NA
Sexual dysfunction (female)	性機能不全 (女性)	Disease	NA
Shingles			
Sick sinus syndrome	洞結節不全症候群	Disease	NA
Sickle cell anemia (haemolysis)			
Sickle cell anemia (severity)	鎌状赤血球貧血 (重症度)	Disease	NA
Sjögren's syndrome			
Skin fluorescence			
Skin pigmentation	皮膚色素沈着	Trait_med	NA
Skin sensitivity to sun	太陽への皮膚感受性	Trait_med	NA
Skin youthfulness			
Sleep depth			
Sleep duration	睡眠時間	Trait_easy	NA
Sleep latency			
Sleep quality			
Sleep time			
Sleep-related phenotypes			
Small-cell lung cancer (survival)			
Smoking behavior	喫煙行動	Trait_easy	NA
Smoking cessation	禁煙	Trait_easy	NA
Smoking cessation in chronic obstructive pulmonary disease			
Smoking initiation			
Smoking quantity			
Smooth-surface caries			
Social and non-social autistic-like traits			
Social autistic-like traits			
Social communication problems			
Soluble E-selectin levels	可溶性Eセレクチン濃度	Trait_med	NA
Soluble ICAM-1	可溶性ICAM-1	Trait_med	NA
Soluble leptin receptor levels	可溶性レプチンレセプター濃度	Trait_med	NA
Soluble levels of adhesion molecules	接着分子の可溶度	Trait_med	NA
Speech perception in dyslexia	失読症における言語知覚	Trait_med	NA
Sphingolipid levels	スフィンゴ脂質濃度	Trait_med	NA
Spine bone size	脊椎骨の大きさ	Trait_med	NA
Squamous cell carcinoma			
Staphylococcus aureus infection			
Stearic acid (18:0) plasma levels			
Stevens-Johnson syndrome	スティーブンス・ジョンソン症候群(薬物の副作用による眼を中心にした皮膚粘膜障害)	Disease	NA
Stevens-Johnson syndrome and toxic epidermal necrolysis (SJS-TEN)	スティーブンス・ジョンソン症候群(薬物の副作用による眼を中心にした皮膚粘膜障害)と中毒性表皮壊死症(全身性の副作用) (SJS-TEN)	Disease	NA
Stroke	脈拍	Trait_med	NA
Stroke (ischemic)	脈拍 (虚血性の)	Trait_med	NA
Stroke (pediatric)	脈拍 (小児科の)	Trait_med	NA
Subclinical atherosclerosis traits (other)	無症状アテローム性動脈硬化症形質 (その他)	Disease	NA
Subclinical brain infarct	無症状脳梗塞	Disease	NA
Subcutaneous adipose tissue	皮下脂肪組織	Trait_med	NA
Substance dependence	物質依存症	Disease	NA
Substance dependence phenotypes			
Sudden cardiac arrest	心突然死	Disease	NA
Suicidal ideation	希死念慮(自殺念慮)	Trait_med	NA
Suicidal ideation in depression or bipolar disorder			
Suicide attempts in bipolar disorder	双極性障害における自殺企図	Trait_med	NA
Suicide attempts in depression or bipolar disorder			
Suicide in bipolar disorder			
Suicide risk			
Sunburns			
Superior frontal gyrus grey matter volume			
Symmetrical dimethylarginine levels			
Systemic lupus erythematosus	全身性エリテマトーデス	Disease	NA
Systemic lupus erythematosus and Systemic sclerosis			
Systemic sclerosis	全身性硬化症	Disease	NA
Systolic blood pressure	最高血圧(収縮期血圧)	Trait_med	NA
Systolic blood pressure (alcohol consumption interaction)			
Systolic blood pressure in sickle cell anemia			
Tanning	日焼け	Trait_med	NA
Tardive dyskinesia			
Tardive dyskinesia in schizophrenia			
Telomere length	テロメア長	Trait_med	NA
Temperament	気質	Trait_med	NA
Temperament (bipolar disorder)	双極性障害における気質	Trait_med	NA
Temporomandibular joint disorders			
Testicular cancer	精巣がん(睾丸がん)	Disease	NA
Testicular dysgenesis syndrome			
Testicular germ cell cancer	精巣胚細胞性がん	Disease	NA
Testicular germ cell tumor	精巣胚細胞腫瘍	Disease	NA
Testosterone levels	テストステロン(男性ホルモン)濃度	Trait_med	NA
Tetralogy of Fallot			
Thiazide-induced adverse metabolic effects in hypertensive patients			
Thoracic aortic aneurysms and dissections	胸部大動脈瘤と切開	Disease	NA
Thrombin generation potential phenotypes			
Thyroid cancer	甲状腺がん	Disease	NA
Thyroid cancer (Papillary, radiation-related)			
Thyroid function	甲状腺機能	Trait_med	NA
Thyroid hormone levels			
Thyroid peroxidase antibody levels			
Thyroid peroxidase antibody positivity			
Thyroid stimulating hormone	甲状腺刺激ホルモン	Trait_med	NA
Thyroid volume	甲状腺容積	Trait_med	NA
Thyrotoxic hypokalemic periodic paralysis	甲状腺中毒性低カリウム性周期性麻痺	Disease	NA
Toenail selenium levels			
Tonometry	眼圧測定	Trait_med	NA
Tooth agenesis (mandibular third molar)			
Tooth agenesis (maxillary third molar)			
Tooth agenesis (third molar)			
Total ventricular volume	総心室容積	Trait_med	NA
Tourette syndrome	トゥレット障害	Disease	NA
Tourette's syndrome or obsessive-compulsive disorder			
Trans fatty acid levels			
Treatment response for severe sepsis			
Triglycerides	トリグリセリド(中性脂肪)	Trait_med	NA
Triglycerides-Blood Pressure (TG-BP)	トリグリセリド(中性脂肪)-血圧 (TG-BP)	Trait_med	NA
Tuberculosis	結核	Disease	NA
Tumor biomarkers			
Two-hour glucose challenge	ブドウ糖負荷試験(糖尿病の診断方法のひとつ)	Trait_med	NA
Type 1 diabetes	1型糖尿病	Disease	NA
Type 1 diabetes autoantibodies	1型糖尿病の自己抗体	Disease	NA
Type 1 diabetes nephropathy	1型糖尿病性腎障害	Disease	NA
Type 2 diabetes	2型糖尿病	Disease	NA
Type 2 diabetes (dietary heme iron intake interaction)			
Type 2 diabetes (young onset) and obesity			
Type 2 diabetes and 6 quantitative traits	2型糖尿病と6つの量的形質	Disease	NA
Type 2 diabetes and gout	2型糖尿病と痛風	Disease	NA
Type 2 diabetes and other traits	2型糖尿病その他の形質	Disease	NA
Type 2 diabetes nephropathy	2型糖尿病性腎障害	Disease	NA
Ulcerative colitis	潰瘍性大腸炎	Disease	NA
Ulcerative colitis or Crohn's disease			
Underweight status			
Upper aerodigestive tract cancers	頭頚部がん?	Disease	NA
Urate levels	尿酸塩濃度	Trait_med	NA
Uric acid levels	尿酸濃度	Trait_med	NA
Urinary albumin excretion	尿中アルブミン排泄	Trait_med	NA
Urinary albumin excretion rate in type 1 diabetes			
Urinary bladder cancer	膀胱がん	Disease	NA
Urinary metabolites	尿中代謝物	Trait_med	NA
Urinary metabolites (H-NMR features)			
Urinary symptoms in response to radiotherapy in prostate cancer			
Urinary uromodulin levels			
Uterine fibroids	子宮筋腫	Disease	Female
Vaccine-related adverse events			
Vascular brain injury			
Vascular constriction			
Vascular dementia	血管性認知症	Disease	NA
Vascular endothelial growth factor levels	血管内皮成長因子	Trait_med	NA
Vaspin levels	バスピン濃度	Trait_med	NA
Venous thromboembolism	静脈血栓塞栓症	Disease	NA
Venous thromboembolism (gene x gene interaction)			
Ventricular fibrillation	心室細動	Trait_med	NA
Vertical cup-disc ratio	垂直C/D比(眼底画像の特徴量・緑内障の診察に用いられる)	Trait_med	NA
Very long-chain saturated fatty acid levels (fatty acid 20:0)			
Very long-chain saturated fatty acid levels (fatty acid 22:0)			
Very long-chain saturated fatty acid levels (fatty acid 24:0)			
Visceral adipose tissue adjusted for BMI	BMIに合わせた内臓脂肪組織	Trait_med	NA
Visceral adipose tissue/subcutaneous adipose tissue ratio	内臓脂肪組織と皮下脂肪組織の比率	Trait_med	NA
Visceral fat	内臓脂肪	Trait_med	NA
Vitamin B levels in ischemic stroke			
Vitamin B12 levels	ビタミンB12濃度	Trait_med	NA
Vitamin D insufficiency	ビタミンD不足	Trait_med	NA
Vitamin D levels	ビタミンD濃度	Trait_med	NA
Vitamin E levels	ビタミンE濃度	Trait_easy	NA
Vitiligo	白斑(皮膚病)	Disease	NA
Vitiligo (non-segmental)			
Vogt-Koyanagi-Harada syndrome			
Volumetric brain MRI	MRIにおける脳容積計測	Trait_med	NA
Waist Circumference - Triglycerides (WC-TG)	胴囲 – トリグリセリド(中性脂肪) (WC-TG)	Trait_easy	NA
Waist circumference	胴囲	Trait_easy	NA
Waist circumference (sex interaction)			
Waist circumference and related phenotypes	胴囲とその関連する表現型	Trait_easy	NA
Waist to hip ratio (sex interaction)			
Waist-hip ratio	ウエスト・ヒップ比	Trait_easy	NA
Waist-to-hip circumference ratio (interaction)			
Warfarin maintenance dose	ワルファリン(経口抗凝固薬)維持量	Trait_med	NA
Wegener's granulomatosis			
Weight	体重	Trait_easy	NA
Weight loss (gastric bypass surgery)			
White blood cell count	白血球数	Trait_med	NA
White blood cell types	白血球の型	Trait_med	NA
White matter hyperintensity burden	白質病変?	Disease	NA
White matter hyperintensity volume in cerebral autosomal-dominant arteriopathy with subcortical infarcts and leukoencephalopathy			
White matter integrity	白質病変	Disease	NA
White matter integrity (interaction)			
White matter microstructure (global fractional anisotropy)			
Wilms tumor	ウィルムス腫瘍	Trait_med	NA
Word reading			
YKL-40 levels	YKL-40(バイオマーカー)濃度	Trait_med	NA
Yang-deficiency constitution			
vWF and FVIII levels	vWFとFVIIIの濃度	Trait_med	NA
